0,False,-,False,False,False,-,False,-,False,False,-,False
1,False,-,False,False,False,-,False,-,False,False,-,False
2,False,-,False,False,False,-,False,-,False,False,-,False
3,False,-,False,False,False,-,False,-,False,False,-,False
4,False,-,False,False,False,-,False,-,False,False,-,False
5,False,-,False,True,False,-,False,-,False,False,-,False
6,False,-,False,True,False,-,False,-,False,False,-,False
7,False,-,False,True,False,-,False,-,False,False,-,False
8,False,-,False,True,False,-,False,-,False,False,-,False
9,False,-,False,True,False,-,False,-,False,False,-,False
10,False,-,False,False,False,-,False,-,False,False,-,False
11,False,-,False,False,False,-,False,-,False,False,-,False
12,False,-,False,False,False,-,False,-,False,False,-,False
13,False,-,False,False,False,-,False,-,False,False,-,False
14,False,-,False,False,True,-,False,-,False,False,-,False
15,False,-,False,False,True,-,False,-,False,False,-,False
16,False,-,False,False,True,-,False,-,False,False,-,False
17,False,-,False,False,True,-,False,-,False,False,-,False
18,True,-,False,False,False,-,False,-,False,False,-,False
19,False,-,False,False,True,-,False,-,False,False,-,False
20,True,-,False,False,False,-,False,-,False,False,-,False
21,False,-,False,False,False,-,False,-,False,False,-,False
22,True,-,False,False,False,-,False,-,False,False,-,False
23,False,-,False,False,False,-,False,-,False,False,-,False
24,True,-,False,False,False,-,False,-,False,False,-,False
25,True,-,False,False,False,-,False,-,False,False,-,False
26,True,-,False,False,False,-,True,-,False,False,-,False
27,True,-,False,False,False,-,True,-,False,False,-,False
28,True,-,False,False,False,-,True,-,False,False,-,False
29,True,-,False,False,False,-,True,-,False,False,-,False
30,True,-,False,False,False,-,True,-,False,False,-,False
31,True,-,False,False,False,-,True,-,False,False,-,False
32,True,-,False,False,False,-,False,-,False,False,-,False
33,True,-,False,False,False,-,False,-,False,False,-,False
34,True,-,False,False,False,-,False,-,False,False,-,False
35,True,-,False,False,False,-,False,-,False,False,-,False
36,True,-,False,False,False,-,False,-,False,False,-,False
37,True,-,False,False,False,-,False,-,False,False,-,False
38,True,-,False,False,False,-,False,-,False,False,-,False
39,True,-,False,False,False,-,False,-,False,False,-,False
40,True,-,False,False,False,-,False,-,False,False,-,False
41,True,-,False,False,False,-,False,-,False,False,-,False
42,True,-,False,False,False,-,False,-,False,False,-,False
43,True,-,False,False,False,-,False,-,False,False,-,False
44,True,-,False,False,False,-,False,-,False,False,-,False
45,True,-,False,False,False,-,False,-,False,False,-,False
46,True,-,False,False,False,-,False,-,False,False,-,False
47,True,-,False,False,False,-,False,-,False,False,-,False
48,True,-,False,False,False,-,False,-,False,False,-,False
49,True,-,False,False,False,-,False,-,False,False,-,False
50,True,-,False,False,False,-,False,-,False,False,-,False
51,True,-,False,False,False,-,False,-,False,False,-,False
52,True,-,False,False,False,-,False,-,False,False,-,False
53,True,-,False,False,False,-,False,-,False,False,-,False
54,True,-,False,False,False,-,False,-,False,False,-,False
55,True,-,False,False,False,-,False,-,False,False,-,False
56,True,-,False,False,False,-,False,-,False,False,-,False
57,True,-,False,False,False,-,False,-,False,False,-,False
58,True,-,False,False,False,-,False,-,False,False,-,False
59,True,-,False,False,False,-,False,-,False,False,-,False
60,True,-,False,False,False,-,False,-,False,False,-,False
61,True,-,False,False,False,-,False,-,False,False,-,False
62,True,-,False,False,False,-,False,-,False,True,-,False
63,True,-,False,False,False,-,False,-,False,False,-,False
64,True,-,False,False,False,-,False,-,False,False,-,False
65,True,-,False,False,False,-,False,-,False,False,-,False
66,True,-,False,False,False,-,False,-,False,False,-,False
67,True,-,False,False,False,-,False,-,False,False,-,False
68,True,-,False,False,False,-,False,-,False,True,-,False
69,True,-,False,False,False,-,False,-,False,False,-,False
70,True,-,False,False,False,-,False,-,False,True,-,False
71,True,-,False,False,False,-,False,-,False,False,-,False
72,True,-,False,False,False,-,False,-,False,True,-,False
73,True,-,False,False,False,-,False,-,False,False,-,False
74,True,-,False,False,False,-,False,-,False,True,-,False
75,True,-,False,False,False,-,False,-,False,False,-,False
76,True,-,False,False,False,-,False,-,False,True,-,False
77,True,-,False,False,False,-,False,-,False,False,-,False
78,True,-,False,False,False,-,False,-,False,False,-,False
79,True,-,False,False,False,-,False,-,False,False,-,False
80,True,-,False,False,False,-,False,-,False,True,-,False
81,True,-,False,False,False,-,False,-,False,False,-,False
82,True,-,False,False,False,-,False,-,False,False,-,False
83,True,-,False,False,False,-,False,-,False,False,-,False
84,True,-,False,False,False,-,False,-,False,True,-,False
85,True,-,False,False,False,-,False,-,False,True,-,False
86,True,-,False,False,False,-,False,-,False,False,-,False
87,True,-,False,False,False,-,False,-,False,True,-,False
88,True,-,False,False,False,-,False,-,False,False,-,False
89,True,-,False,False,False,-,False,-,False,True,-,False
90,True,-,False,False,False,-,False,-,False,True,-,False
91,True,-,False,False,False,-,False,-,False,True,-,False
92,True,-,False,False,False,-,False,-,False,True,-,False
93,True,-,False,False,False,-,False,-,False,True,-,False
94,False,-,False,False,False,-,False,-,False,True,-,False
95,True,-,False,False,False,-,False,-,False,True,-,False
96,True,-,False,False,False,-,False,-,False,False,-,False
97,True,-,False,False,False,-,False,-,False,False,-,False
98,True,-,False,False,False,-,False,-,False,True,-,False
99,True,-,False,False,False,-,False,-,False,False,-,False
100,True,-,False,False,False,-,False,-,False,False,-,False
101,True,-,False,False,False,-,False,-,False,False,-,False
102,True,-,False,False,False,-,False,-,False,True,-,False
103,True,-,False,False,False,-,False,-,False,False,-,False
104,True,-,False,False,False,-,False,-,False,True,-,False
105,True,-,False,False,False,-,False,-,False,False,-,False
106,True,-,False,False,False,-,False,-,False,True,-,False
107,True,-,False,False,False,-,False,-,False,True,-,False
108,True,-,False,False,False,-,False,-,False,True,-,False
109,True,-,False,False,False,-,False,-,False,False,-,False
110,True,-,False,False,False,-,False,-,False,False,-,False
111,True,-,False,False,False,-,False,-,False,True,-,False
112,True,-,False,False,False,-,False,-,False,False,-,False
113,True,-,False,False,False,-,False,-,False,False,-,False
114,True,-,False,False,False,-,False,-,True,True,-,False
115,True,-,False,False,False,-,False,-,False,False,-,False
116,True,-,False,False,False,-,False,-,True,True,-,False
117,True,-,False,False,False,-,False,-,False,True,-,False
118,True,-,False,False,False,-,False,-,True,True,-,False
119,True,-,False,False,False,-,False,-,False,True,-,False
120,True,-,False,False,False,-,False,-,True,False,-,False
121,True,-,False,False,False,-,False,-,False,True,-,False
122,True,-,False,False,False,-,False,-,True,True,-,False
123,True,-,False,False,False,-,False,-,False,False,-,False
124,True,-,False,False,False,-,False,-,True,True,-,False
125,True,-,False,False,False,-,False,-,False,False,-,False
126,True,-,False,False,False,-,False,-,True,True,-,False
127,True,-,False,False,False,-,False,-,False,False,-,False
128,True,-,False,False,False,-,False,-,False,True,-,False
129,True,-,False,False,False,-,False,-,False,False,-,False
130,True,-,False,False,False,-,False,-,True,True,-,False
131,True,-,False,False,False,-,False,-,False,False,-,False
132,True,-,False,False,False,-,False,-,True,True,-,False
133,True,-,False,False,False,-,False,-,False,True,-,False
134,True,-,False,False,False,-,False,-,False,False,-,False
135,True,-,False,False,False,-,False,-,True,False,-,False
136,True,-,False,False,False,-,False,-,True,True,-,False
137,True,-,False,False,False,-,False,-,True,False,-,False
138,True,-,False,False,False,-,False,-,True,True,-,False
139,True,-,False,False,False,-,False,-,False,False,-,False
140,True,-,False,False,False,-,False,-,True,True,-,False
141,True,-,False,False,False,-,False,-,True,False,-,False
142,True,-,False,False,False,-,False,-,True,False,-,False
143,True,-,False,False,False,-,False,-,True,False,-,False
144,True,-,False,False,False,-,False,-,True,False,-,False
145,True,-,False,False,False,-,False,-,True,False,-,False
146,True,-,False,False,False,-,False,-,True,False,-,False
147,True,-,False,False,False,-,False,-,True,False,-,False
148,True,-,False,False,False,-,False,-,True,False,-,False
149,True,-,False,False,False,-,False,-,True,False,-,False
150,True,-,False,False,False,-,False,-,True,True,-,False
151,True,-,False,False,False,-,False,-,False,False,-,False
152,True,-,False,False,False,-,False,-,True,True,-,False
153,True,-,False,False,False,-,False,-,True,False,-,False
154,True,-,False,False,False,-,False,-,True,True,-,False
155,True,-,False,False,False,-,False,-,False,False,-,False
156,True,-,False,False,False,-,False,-,True,False,-,False
157,True,-,False,False,False,-,False,-,False,False,-,False
158,True,-,False,False,False,-,False,-,False,False,-,False
159,True,-,False,False,False,-,False,-,False,False,-,False
160,True,-,False,False,False,-,False,-,True,True,-,False
161,True,-,False,False,False,-,False,-,False,False,-,False
162,True,-,False,False,False,-,False,-,True,False,-,False
163,True,-,False,False,False,-,False,-,False,False,-,False
164,True,-,False,False,False,-,False,-,True,True,-,False
165,True,-,False,False,False,-,False,-,False,False,-,False
166,True,-,False,False,False,-,False,-,True,False,-,False
167,True,-,False,False,False,-,False,-,True,False,-,False
168,True,-,False,False,False,-,False,-,True,True,-,False
169,True,-,False,False,False,-,False,-,False,False,-,False
170,True,-,False,False,False,-,False,-,True,False,-,False
171,True,-,False,False,False,-,False,-,True,False,-,False
172,True,-,False,False,False,-,False,-,True,True,-,False
173,True,-,False,False,False,-,False,-,True,False,-,False
174,True,-,False,False,False,-,False,-,True,True,-,False
175,True,-,False,False,False,-,False,-,False,False,-,False
176,True,-,False,False,False,-,False,-,True,False,-,False
177,True,-,False,False,False,-,False,-,False,False,-,False
178,True,-,False,False,False,-,False,-,False,False,-,False
179,True,-,False,False,False,-,False,-,False,False,-,False
180,True,-,False,False,False,-,False,-,False,False,-,False
181,True,-,False,False,False,-,False,-,True,False,-,False
182,True,-,False,False,False,-,False,-,True,False,-,False
183,True,-,False,False,False,-,False,-,True,False,-,False
184,True,-,False,False,False,-,False,-,True,True,-,False
185,True,-,False,False,False,-,False,-,False,False,-,False
186,True,-,False,False,False,-,False,-,False,True,-,False
187,True,-,False,False,False,-,False,-,True,False,-,False
188,True,-,False,False,False,-,False,-,True,False,-,False
189,True,-,False,False,False,-,False,-,True,False,-,False
190,True,-,False,False,False,-,False,-,True,True,-,False
191,True,-,False,False,False,-,False,-,False,False,-,False
192,True,-,False,False,False,-,False,-,True,True,-,False
193,True,-,False,False,False,-,False,-,True,False,-,False
194,True,-,False,False,False,-,False,-,True,True,-,False
195,True,-,False,False,False,-,False,-,True,False,-,False
196,True,-,False,False,False,-,False,-,True,False,-,False
197,True,-,False,False,False,-,False,-,False,False,-,False
198,True,-,False,False,False,-,False,-,True,True,-,False
199,True,-,False,False,False,-,False,-,True,False,-,False
200,True,-,False,False,False,-,False,-,True,False,-,False
201,True,-,False,False,False,-,False,-,True,False,-,False
202,True,-,False,False,False,-,False,-,True,True,-,False
203,True,-,False,False,False,-,False,-,True,False,-,False
204,True,-,False,False,False,-,False,-,True,True,-,False
205,True,-,False,False,False,-,False,-,False,False,-,False
206,True,-,False,False,False,-,False,-,True,False,-,False
207,True,-,False,False,False,-,False,-,False,False,-,False
208,True,-,False,False,False,-,False,-,True,False,-,False
209,True,-,False,False,False,-,False,-,True,False,-,False
210,True,-,False,False,False,-,False,-,False,False,-,False
211,True,-,False,False,False,-,False,-,False,False,-,False
212,True,-,False,False,False,-,False,-,True,False,-,False
213,True,-,False,False,False,-,False,-,True,False,-,False
214,True,-,False,False,False,-,False,-,True,True,-,False
215,True,-,False,False,False,-,False,-,True,False,-,False
216,True,-,False,False,False,-,False,-,True,True,-,False
217,True,-,False,False,False,-,False,-,True,False,-,False
218,True,-,False,False,False,-,False,-,True,True,-,False
219,True,-,False,False,False,-,False,-,True,False,-,False
220,True,-,False,False,False,-,False,-,True,False,-,False
221,True,-,False,False,False,-,False,-,True,False,-,False
222,True,-,False,False,False,-,False,-,True,True,-,False
223,True,-,False,False,False,-,False,-,False,False,-,False
224,True,-,False,False,False,-,False,-,True,False,-,False
225,True,-,False,False,False,-,False,-,True,False,-,False
226,True,-,False,False,False,-,False,-,True,False,-,False
227,True,-,False,False,False,-,False,-,True,False,-,False
228,True,-,False,False,False,-,False,-,True,True,-,False
229,True,-,False,False,False,-,False,-,False,False,-,False
230,True,-,False,False,False,-,False,-,True,False,-,False
231,True,-,False,False,False,-,False,-,True,False,-,False
232,True,-,False,False,False,-,False,-,True,True,-,False
233,True,-,False,False,False,-,False,-,True,False,-,False
234,True,-,False,False,False,-,False,-,True,False,-,False
235,True,-,False,False,False,-,False,-,True,False,-,False
236,True,-,False,False,False,-,False,-,True,False,-,False
237,True,-,False,False,False,-,False,-,True,False,-,False
238,True,-,False,False,False,-,False,-,True,True,-,False
239,True,-,False,False,False,-,False,-,True,False,-,False
240,True,-,False,False,False,-,False,-,True,True,-,False
241,True,-,False,False,False,-,False,-,True,False,-,False
242,True,-,False,False,False,-,False,-,True,True,-,False
243,True,-,False,False,False,-,False,-,True,False,-,False
244,True,-,False,False,False,-,False,-,True,True,-,False
245,True,-,False,False,False,-,False,-,True,False,-,False
246,True,-,False,False,False,-,False,-,True,False,-,False
247,True,-,False,False,False,-,False,-,True,False,-,False
248,True,-,False,False,False,-,False,-,True,False,-,False
249,True,-,False,False,False,-,False,-,True,False,-,False
250,True,-,False,False,False,-,False,-,True,True,-,False
251,True,-,False,False,False,-,False,-,True,False,-,False
252,True,-,False,False,False,-,False,-,True,True,-,False
253,True,-,False,False,False,-,False,-,True,False,-,False
254,True,-,False,False,False,-,False,-,True,True,-,False
255,True,-,False,False,False,-,False,-,True,False,-,False
256,True,-,False,False,False,-,False,-,True,False,-,False
257,True,-,False,False,False,-,False,-,True,False,-,False
258,True,-,False,False,False,-,False,-,True,False,-,False
259,True,-,False,False,False,-,False,-,True,False,-,False
260,True,-,False,False,False,-,False,-,True,False,-,False
261,True,-,False,False,False,-,False,-,True,False,-,False
262,True,-,False,False,False,-,False,-,True,False,-,False
263,True,-,False,False,False,-,False,-,True,False,-,False
264,True,-,False,False,False,-,False,-,True,True,-,False
265,True,-,False,False,False,-,False,-,True,False,-,False
266,True,-,False,False,False,-,False,-,True,True,-,False
267,True,-,False,False,False,-,False,-,True,False,-,False
268,True,-,False,False,False,-,False,-,True,False,-,False
269,True,-,False,False,False,-,False,-,True,False,-,False
270,True,-,False,False,False,-,False,-,True,True,-,False
271,True,-,False,False,False,-,False,-,True,False,-,False
272,True,-,False,False,False,-,False,-,True,True,-,False
273,True,-,False,False,False,-,False,-,True,False,-,False
274,True,-,False,False,False,-,False,-,True,True,-,False
275,True,-,False,False,False,-,False,-,True,False,-,False
276,True,-,False,False,False,-,False,-,True,False,-,False
277,True,-,False,False,False,-,False,-,True,True,-,False
278,True,-,False,False,False,-,False,-,True,True,-,False
279,True,-,False,False,False,-,False,-,True,False,-,False
280,True,-,False,False,False,-,False,-,True,False,-,False
281,True,-,False,False,False,-,False,-,True,False,-,False
282,True,-,False,False,False,-,False,-,True,False,-,False
283,True,-,False,False,False,-,False,-,True,False,-,False
284,True,-,False,False,False,-,False,-,True,False,-,False
285,True,-,False,False,False,-,False,-,True,False,-,False
286,True,-,False,False,False,-,False,-,True,True,-,False
287,True,-,False,False,False,-,False,-,True,False,-,False
288,True,-,False,False,False,-,False,-,True,True,-,False
289,True,-,False,False,False,-,False,-,True,False,-,False
290,True,-,False,False,False,-,False,-,True,False,-,False
291,True,-,False,False,False,-,False,-,True,False,-,False
292,True,-,False,False,False,-,False,-,True,True,-,False
293,True,-,False,False,False,-,False,-,True,False,-,False
294,True,-,False,False,False,-,False,-,True,False,-,False
295,True,-,False,False,False,-,False,-,True,False,-,False
296,True,-,False,False,False,-,False,-,True,False,-,False
297,True,-,False,False,False,-,False,-,True,False,-,False
298,True,-,False,False,False,-,False,-,True,True,-,False
299,True,-,False,False,False,-,False,-,True,False,-,False
300,True,-,False,False,False,-,False,-,True,False,-,False
301,True,-,False,False,False,-,False,-,True,False,-,False
302,True,-,False,False,False,-,False,-,True,True,-,False
303,True,-,False,False,False,-,False,-,True,False,-,False
304,True,-,False,False,False,-,False,-,True,True,-,False
305,True,-,False,False,False,-,False,-,True,False,-,False
306,True,-,False,False,False,-,False,-,True,True,-,False
307,True,-,False,False,False,-,False,-,True,False,-,False
308,True,-,False,False,False,-,False,-,True,False,-,False
309,True,-,False,False,False,-,False,-,True,False,-,False
310,True,-,False,False,False,-,False,-,True,False,-,False
311,True,-,False,False,False,-,False,-,True,False,-,False
312,True,-,False,False,False,-,False,-,True,False,-,False
313,True,-,False,False,False,-,False,-,True,False,-,False
314,True,-,False,False,False,-,False,-,True,False,-,False
315,True,-,False,False,False,-,False,-,True,False,-,False
316,True,-,False,False,False,-,False,-,True,False,-,False
317,True,-,False,False,False,-,False,-,True,False,-,False
318,True,-,False,False,False,-,False,-,True,False,-,False
319,True,-,False,False,False,-,False,-,True,False,-,False
320,True,-,False,False,False,-,False,-,True,False,-,False
321,True,-,False,False,False,-,False,-,True,False,-,False
322,True,-,False,False,False,-,False,-,True,False,-,False
323,True,-,False,False,False,-,False,-,True,False,-,False
324,True,-,False,False,False,-,False,-,True,False,-,False
325,True,-,False,False,False,-,False,-,True,False,-,False
326,True,-,False,False,False,-,False,-,True,False,-,False
327,True,-,False,False,False,-,False,-,True,False,-,False
328,True,-,False,False,False,-,False,-,True,False,-,False
329,True,-,False,False,False,-,False,-,True,False,-,False
330,True,-,False,False,False,-,False,-,True,False,-,False
331,True,-,False,False,False,-,False,-,True,False,-,False
332,True,-,False,False,False,-,False,-,True,False,-,False
333,True,-,False,False,False,-,False,-,True,False,-,False
334,True,-,False,False,False,-,False,-,True,False,-,False
335,True,-,False,False,False,-,False,-,True,False,-,False
336,True,-,False,False,False,-,False,-,True,False,-,False
337,True,-,False,False,False,-,False,-,True,False,-,False
338,True,-,False,False,False,-,False,-,True,False,-,False
339,True,-,False,False,False,-,False,-,True,False,-,False
340,True,-,False,False,False,-,False,-,True,True,-,False
341,True,-,False,False,False,-,False,-,True,False,-,False
342,True,-,False,False,False,-,False,-,True,False,-,False
343,True,-,False,False,False,-,False,-,True,False,-,False
344,True,-,False,False,False,-,False,-,True,True,-,False
345,True,-,False,False,False,-,False,-,True,False,-,False
346,True,-,False,False,False,-,False,-,True,False,-,False
347,True,-,False,False,False,-,False,-,True,False,-,False
348,True,-,False,False,False,-,False,-,True,False,-,False
349,True,-,False,False,False,-,False,-,True,False,-,False
350,True,-,False,False,False,-,False,-,True,False,-,False
351,True,-,False,False,False,-,False,-,True,False,-,False
352,True,-,False,False,False,-,False,-,True,False,-,False
353,True,-,False,False,False,-,False,-,True,False,-,False
354,True,-,False,False,False,-,False,-,True,False,-,False
355,True,-,False,False,False,-,False,-,True,False,-,False
356,True,-,False,False,False,-,False,-,True,True,-,False
357,True,-,False,False,False,-,False,-,True,False,-,False
358,True,-,False,False,False,-,False,-,True,False,-,False
359,True,-,False,False,False,-,False,-,True,False,-,False
360,True,-,False,False,False,-,False,-,True,True,-,False
361,True,-,False,False,False,-,False,-,True,False,-,False
362,True,-,False,False,False,-,False,-,True,False,-,False
363,True,-,False,False,False,-,False,-,True,False,-,False
364,True,-,False,False,False,-,False,-,True,False,-,False
365,True,-,False,False,False,-,False,-,True,False,-,False
366,True,-,False,False,False,-,False,-,True,False,-,False
367,True,-,False,False,False,-,False,-,True,False,-,False
368,True,-,False,False,False,-,False,-,True,True,-,False
369,True,-,False,False,False,-,False,-,True,False,-,False
370,True,-,False,False,False,-,False,-,True,False,-,False
371,True,-,False,False,False,-,False,-,True,False,-,False
372,True,-,False,False,False,-,False,-,True,False,-,False
373,True,-,False,False,False,-,False,-,True,False,-,False
374,True,-,False,False,False,-,False,-,True,False,-,False
375,True,-,False,False,False,-,False,-,True,False,-,False
376,True,-,False,False,False,-,False,-,True,False,-,False
377,True,-,False,False,False,-,False,-,True,False,-,False
378,True,-,False,False,False,-,False,-,True,False,-,False
379,True,-,False,False,False,-,False,-,True,False,-,False
380,True,-,False,False,False,-,False,-,True,True,-,False
381,True,-,False,False,False,-,False,-,True,False,-,False
382,True,-,False,False,False,-,False,-,True,True,-,False
383,True,-,False,False,False,-,False,-,True,False,-,False
384,True,-,False,False,False,-,False,-,True,False,-,False
385,True,-,False,False,False,-,False,-,True,False,-,False
386,True,-,False,False,False,-,False,-,True,False,-,False
387,True,-,False,False,False,-,False,-,True,False,-,False
388,True,-,False,False,False,-,False,-,True,False,-,False
389,True,-,False,False,False,-,False,-,True,False,-,False
390,True,-,False,False,False,-,False,-,True,False,-,False
391,True,-,False,False,False,-,False,-,True,False,-,False
392,True,-,False,False,False,-,False,-,True,False,-,False
393,True,-,False,False,False,-,False,-,True,False,-,False
394,True,-,False,False,False,-,False,-,True,False,-,False
395,True,-,False,False,False,-,False,-,True,False,-,False
396,True,-,False,False,False,-,False,-,True,True,-,False
397,True,-,False,False,False,-,False,-,True,False,-,False
398,True,-,False,False,False,-,False,-,True,False,-,False
399,True,-,False,False,False,-,False,-,True,False,-,False
400,True,-,False,False,False,-,False,-,True,True,-,False
401,True,-,False,False,False,-,False,-,True,False,-,False
402,True,-,False,False,False,-,False,-,True,False,-,False
403,True,-,False,False,False,-,False,-,True,False,-,False
404,True,-,False,False,False,-,False,-,True,False,-,False
405,True,-,False,False,False,-,False,-,True,False,-,False
406,True,-,False,False,False,-,False,-,True,False,-,False
407,True,-,False,False,False,-,False,-,True,False,-,False
408,True,-,False,False,False,-,False,-,True,False,-,False
409,True,-,False,False,False,-,False,-,True,False,-,False
410,True,-,False,False,False,-,False,-,True,True,-,False
411,True,-,False,False,False,-,False,-,True,False,-,False
412,True,-,False,False,False,-,False,-,True,False,-,False
413,True,-,False,False,False,-,False,-,True,False,-,False
414,True,-,False,False,False,-,False,-,True,True,-,False
415,True,-,False,False,False,-,False,-,True,False,-,False
416,True,-,False,False,False,-,False,-,True,True,-,False
417,True,-,False,False,False,-,False,-,True,False,-,False
418,True,-,False,False,False,-,False,-,True,False,-,False
419,True,-,False,False,False,-,False,-,True,False,-,False
420,True,-,False,False,False,-,False,-,True,True,-,False
421,True,-,False,False,False,-,False,-,True,False,-,False
422,True,-,False,False,False,-,False,-,True,True,-,False
423,True,-,False,False,False,-,False,-,True,False,-,False
424,True,-,False,False,False,-,False,-,True,True,-,False
425,True,-,False,False,False,-,False,-,True,False,-,False
426,True,-,False,False,False,-,False,-,True,False,-,False
427,True,-,False,False,False,-,False,-,True,False,-,False
428,True,-,False,False,False,-,False,-,True,True,-,False
429,True,-,False,False,False,-,False,-,True,False,-,False
430,True,-,False,False,False,-,False,-,True,True,-,False
431,True,-,False,False,False,-,False,-,True,False,-,False
432,True,-,False,False,False,-,False,-,True,True,-,False
433,True,-,False,False,False,-,False,-,True,False,-,False
434,True,-,False,False,False,-,False,-,True,False,-,False
435,True,-,False,False,False,-,False,-,True,False,-,False
436,True,-,False,False,False,-,False,-,True,True,-,False
437,True,-,False,False,False,-,False,-,True,False,-,False
438,True,-,False,False,False,-,False,-,True,False,-,False
439,True,-,False,False,False,-,False,-,True,False,-,False
440,True,-,False,False,False,-,False,-,True,False,-,False
441,True,-,False,False,False,-,False,-,True,False,-,False
442,True,-,False,False,False,-,False,-,True,True,-,False
443,True,-,False,False,False,-,False,-,True,False,-,False
444,True,-,False,False,False,-,False,-,True,True,-,False
445,True,-,False,False,False,-,False,-,True,False,-,False
446,True,-,False,False,False,-,False,-,True,False,-,False
447,True,-,False,False,False,-,False,-,True,False,-,False
448,True,-,False,False,False,-,False,-,True,True,-,False
449,True,-,False,False,False,-,False,-,True,False,-,False
450,True,-,False,False,False,-,False,-,True,False,-,False
451,True,-,False,False,False,-,False,-,True,False,-,False
452,True,-,False,False,False,-,False,-,True,False,-,False
453,True,-,False,False,False,-,False,-,True,False,-,False
454,True,-,False,False,False,-,False,-,True,True,-,False
455,True,-,False,False,False,-,False,-,True,False,-,False
456,True,-,False,False,False,-,False,-,True,False,-,False
457,True,-,False,False,False,-,False,-,True,False,-,False
458,True,-,False,False,False,-,False,-,True,False,-,False
459,True,-,False,False,False,-,False,-,True,False,-,False
460,True,-,False,False,False,-,False,-,True,False,-,False
461,True,-,False,False,False,-,False,-,True,False,-,False
462,True,-,False,False,False,-,False,-,True,True,-,False
463,True,-,False,False,False,-,False,-,True,False,-,False
464,True,-,False,False,False,-,False,-,True,False,-,False
465,True,-,False,False,False,-,False,-,True,False,-,False
466,True,-,False,False,False,-,False,-,True,False,-,False
467,True,-,False,False,False,-,False,-,True,False,-,False
468,True,-,False,False,False,-,False,-,True,False,-,False
469,True,-,False,False,False,-,False,-,True,False,-,False
470,True,-,False,False,False,-,False,-,True,True,-,False
471,True,-,False,False,False,-,False,-,True,False,-,False
472,True,-,False,False,False,-,False,-,True,False,-,False
473,True,-,False,False,False,-,False,-,True,False,-,False
474,True,-,False,False,False,-,False,-,True,False,-,False
475,True,-,False,False,False,-,False,-,True,False,-,False
476,True,-,False,False,False,-,False,-,True,True,-,False
477,True,-,False,False,False,-,False,-,True,False,-,False
478,True,-,False,False,False,-,False,-,True,False,-,False
479,True,-,False,False,False,-,False,-,True,False,-,False
480,True,-,False,False,False,-,False,-,True,False,-,False
481,True,-,False,False,False,-,False,-,True,False,-,False
482,True,-,False,False,False,-,False,-,True,False,-,False
483,True,-,False,False,False,-,False,-,True,False,-,False
484,True,-,False,False,False,-,False,-,True,False,-,False
485,True,-,False,False,False,-,False,-,True,False,-,False
486,True,-,False,False,False,-,False,-,True,False,-,False
487,True,-,False,False,False,-,False,-,True,False,-,False
488,True,-,False,False,False,-,False,-,True,True,-,False
489,True,-,False,False,False,-,False,-,True,False,-,False
490,True,-,False,False,False,-,False,-,True,True,-,False
491,True,-,False,False,False,-,False,-,True,False,-,False
492,True,-,False,False,False,-,False,-,True,False,-,False
493,True,-,False,False,False,-,False,-,True,False,-,False
494,True,-,False,False,False,-,False,-,True,False,-,False
495,True,-,False,False,False,-,False,-,True,False,-,False
496,True,-,False,False,False,-,False,-,True,False,-,False
497,True,-,False,False,False,-,False,-,True,False,-,False
498,True,-,False,False,False,-,False,-,True,False,-,False
499,True,-,False,False,False,-,False,-,True,False,-,False
500,True,-,False,False,False,-,False,-,True,True,-,False
501,True,-,False,False,False,-,False,-,True,False,-,False
502,True,-,False,False,False,-,False,-,True,False,-,False
503,True,-,False,False,False,-,False,-,True,False,-,False
504,True,-,False,False,False,-,False,-,True,False,-,False
505,True,-,False,False,False,-,False,-,True,False,-,False
506,True,-,False,False,False,-,False,-,True,False,-,False
507,True,-,False,False,False,-,False,-,True,False,-,False
508,True,-,False,False,False,-,False,-,True,False,-,False
509,True,-,False,False,False,-,False,-,True,False,-,False
510,True,-,False,False,False,-,False,-,True,False,-,False
511,True,-,False,False,False,-,False,-,True,False,-,False
512,True,-,False,False,False,-,False,-,True,False,-,False
513,True,-,False,False,False,-,False,-,True,False,-,False
514,True,-,False,False,False,-,False,-,True,False,-,False
515,True,-,False,False,False,-,False,-,True,False,-,False
516,True,-,False,False,False,-,False,-,True,False,-,False
517,True,-,False,False,False,-,False,-,True,False,-,False
518,True,-,False,False,False,-,False,-,True,True,-,False
519,True,-,False,False,False,-,False,-,True,False,-,False
520,True,-,False,False,False,-,False,-,True,False,-,False
521,True,-,False,False,False,-,False,-,True,False,-,False
522,True,-,False,False,False,-,False,-,True,True,-,False
523,True,-,False,False,False,-,False,-,True,False,-,False
524,True,-,False,False,False,-,False,-,True,False,-,False
525,True,-,False,False,False,-,False,-,True,False,-,False
526,True,-,False,False,False,-,False,-,True,False,-,False
527,True,-,False,False,False,-,False,-,True,False,-,False
528,True,-,False,False,False,-,False,-,True,True,-,False
529,True,-,False,False,False,-,False,-,True,False,-,False
530,True,-,False,False,False,-,False,-,True,False,-,False
531,True,-,False,False,False,-,False,-,True,False,-,False
532,True,-,False,False,False,-,False,-,True,False,-,False
533,True,-,False,False,False,-,False,-,True,False,-,False
534,True,-,False,False,False,-,False,-,True,False,-,False
535,True,-,False,False,False,-,False,-,True,False,-,False
536,True,-,False,False,False,-,False,-,True,True,-,False
537,True,-,False,False,False,-,False,-,True,False,-,False
538,True,-,False,False,False,-,False,-,True,True,-,False
539,True,-,False,False,False,-,False,-,True,False,-,False
540,True,-,False,False,False,-,False,-,True,False,-,False
541,True,-,False,False,False,-,False,-,True,False,-,False
542,True,-,False,False,False,-,False,-,True,False,-,False
543,True,-,False,False,False,-,False,-,True,False,-,False
544,True,-,False,False,False,-,False,-,True,True,-,False
545,True,-,False,False,False,-,False,-,True,False,-,False
546,True,-,False,False,False,-,False,-,True,False,-,False
547,True,-,False,False,False,-,False,-,True,False,-,False
548,True,-,False,False,False,-,False,-,True,False,-,False
549,True,-,False,False,False,-,False,-,True,False,-,False
550,True,-,False,False,False,-,False,-,True,False,-,False
551,True,-,False,False,False,-,False,-,True,False,-,False
552,True,-,False,False,False,-,False,-,True,True,-,False
553,True,-,False,False,False,-,False,-,True,False,-,False
554,True,-,False,False,False,-,False,-,True,False,-,False
555,True,-,False,False,False,-,False,-,True,False,-,False
556,True,-,False,False,False,-,False,-,True,True,-,False
557,True,-,False,False,False,-,False,-,True,False,-,False
558,True,-,False,False,False,-,False,-,True,True,-,False
559,True,-,False,False,False,-,False,-,True,False,-,False
560,True,-,False,False,False,-,False,-,True,False,-,False
561,True,-,False,False,False,-,False,-,True,False,-,False
562,True,-,False,False,False,-,False,-,True,False,-,False
563,True,-,False,False,False,-,False,-,True,False,-,False
564,True,-,False,False,False,-,False,-,True,False,-,False
565,True,-,False,False,False,-,False,-,True,False,-,False
566,True,-,False,False,False,-,False,-,True,False,-,False
567,True,-,False,False,False,-,False,-,True,False,-,False
568,True,-,False,False,False,-,False,-,True,False,-,False
569,True,-,False,False,False,-,False,-,True,False,-,False
570,True,-,False,False,False,-,False,-,True,False,-,False
571,True,-,False,False,False,-,False,-,True,False,-,False
572,True,-,False,False,False,-,False,-,True,False,-,False
573,True,-,False,False,False,-,False,-,True,False,-,False
574,True,-,False,False,False,-,False,-,True,True,-,False
575,True,-,False,False,False,-,False,-,True,False,-,False
576,True,-,False,False,False,-,False,-,True,False,-,False
577,True,-,False,False,False,-,False,-,True,False,-,False
578,True,-,False,False,False,-,False,-,True,True,-,False
579,True,-,False,False,False,-,False,-,True,False,-,False
580,True,-,False,False,False,-,False,-,True,True,-,False
581,True,-,False,False,False,-,False,-,True,False,-,False
582,True,-,False,False,False,-,False,-,True,True,-,False
583,True,-,False,False,False,-,False,-,True,False,-,False
584,True,-,False,False,False,-,False,-,True,False,-,False
585,True,-,False,False,False,-,False,-,True,False,-,False
586,True,-,False,False,False,-,False,-,True,False,-,False
587,True,-,False,False,False,-,False,-,True,False,-,False
588,True,-,False,False,False,-,False,-,True,False,-,False
589,True,-,False,False,False,-,False,-,True,False,-,False
590,True,-,False,False,False,-,False,-,True,False,-,False
591,True,-,False,False,False,-,False,-,True,False,-,False
592,True,-,False,False,False,-,False,-,True,False,-,False
593,True,-,False,False,False,-,False,-,True,False,-,False
594,True,-,False,False,False,-,False,-,True,False,-,False
595,True,-,False,False,False,-,False,-,True,False,-,False
596,True,-,False,False,False,-,False,-,True,False,-,False
597,True,-,False,False,False,-,False,-,True,False,-,False
598,True,-,False,False,False,-,False,-,True,False,-,False
599,True,-,False,False,False,-,False,-,True,False,-,False
600,True,-,False,False,False,-,False,-,True,False,-,False
601,True,-,False,False,False,-,False,-,True,False,-,False
602,True,-,False,False,False,-,False,-,True,False,-,False
603,True,-,False,False,False,-,False,-,True,False,-,False
604,True,-,False,False,False,-,False,-,True,True,-,False
605,True,-,False,False,False,-,False,-,True,False,-,False
606,True,-,False,False,False,-,False,-,True,False,-,False
607,True,-,False,False,False,-,False,-,True,False,-,False
608,True,-,False,False,False,-,False,-,True,True,-,False
609,True,-,False,False,False,-,False,-,True,False,-,False
610,True,-,False,False,False,-,False,-,True,True,-,False
611,True,-,False,False,False,-,False,-,True,False,-,False
612,True,-,False,False,False,-,False,-,True,False,-,False
613,True,-,False,False,False,-,False,-,True,False,-,False
614,True,-,False,False,False,-,False,-,True,False,-,False
615,True,-,False,False,False,-,False,-,True,False,-,False
616,True,-,False,False,False,-,False,-,True,False,-,False
617,True,-,False,False,False,-,False,-,True,False,-,False
618,True,-,False,False,False,-,False,-,True,False,-,False
619,True,-,False,False,False,-,False,-,True,False,-,False
620,True,-,False,False,False,-,False,-,True,False,-,False
621,True,-,False,False,False,-,False,-,True,False,-,False
622,True,-,False,False,False,-,False,-,True,False,-,False
623,True,-,False,False,False,-,False,-,True,False,-,False
624,True,-,False,False,False,-,False,-,True,False,-,False
625,True,-,False,False,False,-,False,-,True,False,-,False
626,True,-,False,False,False,-,False,-,True,False,-,False
627,True,-,False,False,False,-,False,-,True,False,-,False
628,True,-,False,False,False,-,False,-,True,False,-,False
629,True,-,False,False,False,-,False,-,True,False,-,False
630,True,-,False,False,False,-,False,-,True,True,-,False
631,True,-,False,False,False,-,False,-,True,False,-,False
632,True,-,False,False,False,-,False,-,True,True,-,False
633,True,-,False,False,False,-,False,-,True,False,-,False
634,True,-,False,False,False,-,False,-,True,False,-,False
635,True,-,False,False,False,-,False,-,True,False,-,False
636,True,-,False,False,False,-,False,-,True,False,-,False
637,True,-,False,False,False,-,False,-,True,False,-,False
638,True,-,False,False,False,-,False,-,True,True,-,False
639,True,-,False,False,False,-,False,-,True,False,-,False
640,True,-,False,False,False,-,False,-,True,False,-,False
641,True,-,False,False,False,-,False,-,True,False,-,False
642,True,-,False,False,False,-,False,-,True,False,-,False
643,True,-,False,False,False,-,False,-,True,False,-,False
644,True,-,False,False,False,-,False,-,True,False,-,False
645,True,-,False,False,False,-,False,-,True,False,-,False
646,True,-,False,False,False,-,False,-,True,False,-,False
647,True,-,False,False,False,-,False,-,True,False,-,False
648,True,-,False,False,False,-,False,-,True,True,-,False
649,True,-,False,False,False,-,False,-,True,False,-,False
650,True,-,False,False,False,-,False,-,True,True,-,False
651,True,-,False,False,False,-,False,-,True,False,-,False
652,True,-,False,False,False,-,False,-,True,True,-,False
653,True,-,False,False,False,-,False,-,True,False,-,False
654,True,-,False,False,False,-,False,-,True,False,-,False
655,True,-,False,False,False,-,False,-,True,False,-,False
656,True,-,False,False,False,-,False,-,True,False,-,False
657,True,-,False,False,False,-,False,-,True,False,-,False
658,True,-,False,False,False,-,False,-,True,True,-,False
659,True,-,False,False,False,-,False,-,True,False,-,False
660,True,-,False,False,False,-,False,-,True,False,-,False
661,True,-,False,False,False,-,False,-,True,False,-,False
662,True,-,False,False,False,-,False,-,True,False,-,False
663,True,-,False,False,False,-,False,-,True,False,-,False
664,True,-,False,False,False,-,False,-,True,False,-,False
665,True,-,False,False,False,-,False,-,True,False,-,False
666,True,-,False,False,False,-,False,-,True,True,-,False
667,True,-,False,False,False,-,False,-,True,False,-,False
668,True,-,False,False,False,-,False,-,True,True,-,False
669,True,-,False,False,False,-,False,-,True,False,-,False
670,True,-,False,False,False,-,False,-,True,False,-,False
671,True,-,False,False,False,-,False,-,True,False,-,False
672,True,-,False,False,False,-,False,-,True,False,-,False
673,True,-,False,False,False,-,False,-,True,False,-,False
674,True,-,False,False,False,-,False,-,True,True,-,False
675,True,-,False,False,False,-,False,-,True,False,-,False
676,True,-,False,False,False,-,False,-,True,True,-,False
677,True,-,False,False,False,-,False,-,True,False,-,False
678,True,-,False,False,False,-,False,-,True,False,-,False
679,True,-,False,False,False,-,False,-,True,False,-,False
680,True,-,False,False,False,-,False,-,True,False,-,False
681,True,-,False,False,False,-,False,-,True,False,-,False
682,True,-,False,False,False,-,False,-,True,False,-,False
683,True,-,False,False,False,-,False,-,True,False,-,False
684,True,-,False,False,False,-,False,-,True,False,-,False
685,True,-,False,False,False,-,False,-,True,False,-,False
686,True,-,False,False,False,-,False,-,True,False,-,False
687,True,-,False,False,False,-,False,-,True,False,-,False
688,True,-,False,False,False,-,False,-,True,False,-,False
689,True,-,False,False,False,-,False,-,True,False,-,False
690,True,-,False,False,False,-,False,-,True,False,-,False
691,True,-,False,False,False,-,False,-,True,False,-,False
692,True,-,False,False,False,-,False,-,True,False,-,False
693,True,-,False,False,False,-,False,-,True,False,-,False
694,True,-,False,False,False,-,False,-,True,True,-,False
695,True,-,False,False,False,-,False,-,True,False,-,False
696,True,-,False,False,False,-,False,-,True,False,-,False
697,True,-,False,False,False,-,False,-,True,False,-,False
698,True,-,False,False,False,-,False,-,True,True,-,False
699,True,-,False,False,False,-,False,-,True,False,-,False
700,True,-,False,False,False,-,False,-,True,True,-,False
701,True,-,False,False,False,-,False,-,True,False,-,False
702,True,-,False,False,False,-,False,-,True,True,-,False
703,True,-,False,False,False,-,False,-,True,False,-,False
704,True,-,False,False,False,-,False,-,True,True,-,False
705,True,-,False,False,False,-,False,-,True,False,-,False
706,True,-,False,False,False,-,False,-,True,True,-,False
707,True,-,False,False,False,-,False,-,True,False,-,False
708,True,-,False,False,False,-,False,-,True,True,-,False
709,True,-,False,False,False,-,False,-,True,False,-,False
710,True,-,False,False,False,-,False,-,True,False,-,False
711,True,-,False,False,False,-,False,-,True,False,-,False
712,True,-,False,False,False,-,False,-,True,True,-,False
713,True,-,False,False,False,-,False,-,True,False,-,False
714,True,-,False,False,False,-,False,-,True,False,-,False
715,True,-,False,False,False,-,False,-,True,False,-,False
716,True,-,False,False,False,-,False,-,True,True,-,False
717,True,-,False,False,False,-,False,-,True,False,-,False
718,True,-,False,False,False,-,False,-,True,False,-,False
719,True,-,False,False,False,-,False,-,True,False,-,False
720,True,-,False,False,False,-,False,-,True,False,-,False
721,True,-,False,False,False,-,False,-,True,False,-,False
722,True,-,False,False,False,-,False,-,True,False,-,False
723,True,-,False,False,False,-,False,-,True,False,-,False
724,True,-,False,False,False,-,False,-,True,False,-,False
725,True,-,False,False,False,-,False,-,True,False,-,False
726,True,-,False,False,False,-,False,-,True,False,-,False
727,True,-,False,False,False,-,False,-,True,False,-,False
728,True,-,False,False,False,-,False,-,True,False,-,False
729,True,-,False,False,False,-,False,-,True,False,-,False
730,True,-,False,False,False,-,False,-,True,False,-,False
731,True,-,False,False,False,-,False,-,True,False,-,False
732,True,-,False,False,False,-,False,-,True,False,-,False
733,True,-,False,False,False,-,False,-,True,False,-,False
734,True,-,False,False,False,-,False,-,True,True,-,False
735,True,-,False,False,False,-,False,-,True,False,-,False
736,True,-,False,False,False,-,False,-,True,False,-,False
737,True,-,False,False,False,-,False,-,True,False,-,False
738,True,-,False,False,False,-,False,-,True,True,-,False
739,True,-,False,False,False,-,False,-,True,False,-,False
740,True,-,False,False,False,-,False,-,True,False,-,False
741,True,-,False,False,False,-,False,-,True,False,-,False
742,True,-,False,False,False,-,False,-,True,False,-,False
743,True,-,False,False,False,-,False,-,True,False,-,False
744,True,-,False,False,False,-,False,-,True,True,-,False
745,True,-,False,False,False,-,False,-,True,False,-,False
746,True,-,False,False,False,-,False,-,True,False,-,False
747,True,-,False,False,False,-,False,-,True,False,-,False
748,True,-,False,False,False,-,False,-,True,True,-,False
749,True,-,False,False,False,-,False,-,True,False,-,False
750,True,-,False,False,False,-,False,-,True,False,-,False
751,True,-,False,False,False,-,False,-,True,False,-,False
752,True,-,False,False,False,-,False,-,True,False,-,False
753,True,-,False,False,False,-,False,-,True,False,-,False
754,True,-,False,False,False,-,False,-,True,True,-,False
755,True,-,False,False,False,-,False,-,True,False,-,False
756,True,-,False,False,False,-,False,-,True,False,-,False
757,True,-,False,False,False,-,False,-,True,False,-,False
758,True,-,False,False,False,-,False,-,True,True,-,False
759,True,-,False,False,False,-,False,-,True,False,-,False
760,True,-,False,False,False,-,False,-,True,False,-,False
761,True,-,False,False,False,-,False,-,True,False,-,False
762,True,-,False,False,False,-,False,-,True,False,-,False
763,True,-,False,False,False,-,False,-,True,False,-,False
764,True,-,False,False,False,-,False,-,True,False,-,False
765,True,-,False,False,False,-,False,-,True,False,-,False
766,True,-,False,False,False,-,False,-,True,False,-,False
767,True,-,False,False,False,-,False,-,True,False,-,False
768,True,-,False,False,False,-,False,-,True,False,-,False
769,True,-,False,False,False,-,False,-,True,False,-,False
770,True,-,False,False,False,-,False,-,True,True,-,False
771,True,-,False,False,False,-,False,-,True,False,-,False
772,True,-,False,False,False,-,False,-,True,False,-,False
773,True,-,False,False,False,-,False,-,True,False,-,False
774,True,-,False,False,False,-,False,-,True,True,-,False
775,True,-,False,False,False,-,False,-,True,False,-,False
776,True,-,False,False,False,-,False,-,True,True,-,False
777,True,-,False,False,False,-,False,-,True,False,-,False
778,True,-,False,False,False,-,False,-,True,False,-,False
779,True,-,False,False,False,-,False,-,True,False,-,False
780,True,-,False,False,False,-,False,-,True,False,-,False
781,True,-,False,False,False,-,False,-,True,False,-,False
782,True,-,False,False,False,-,False,-,True,True,-,False
783,True,-,False,False,False,-,False,-,True,False,-,False
784,True,-,False,False,False,-,False,-,True,False,-,False
785,True,-,False,False,False,-,False,-,True,False,-,False
786,True,-,False,False,False,-,False,-,True,False,-,False
787,True,-,False,False,False,-,False,-,True,False,-,False
788,True,-,False,False,False,-,False,-,True,True,-,False
789,True,-,False,False,False,-,False,-,True,False,-,False
790,True,-,False,False,False,-,False,-,True,False,-,False
791,True,-,False,False,False,-,False,-,True,False,-,False
792,True,-,False,False,False,-,False,-,True,False,-,False
793,True,-,False,False,False,-,False,-,True,False,-,False
794,True,-,False,False,False,-,False,-,True,True,-,False
795,True,-,False,False,False,-,False,-,True,False,-,False
796,True,-,False,False,False,-,False,-,True,True,-,False
797,True,-,False,False,False,-,False,-,True,False,-,False
798,True,-,False,False,False,-,False,-,True,False,-,False
799,True,-,False,False,False,-,False,-,True,False,-,False
800,True,-,False,False,False,-,False,-,True,True,-,False
801,True,-,False,False,False,-,False,-,True,False,-,False
802,True,-,False,False,False,-,False,-,True,True,-,False
803,True,-,False,False,False,-,False,-,True,False,-,False
804,True,-,False,False,False,-,False,-,True,True,-,False
805,True,-,False,False,False,-,False,-,True,False,-,False
806,True,-,False,False,False,-,False,-,True,False,-,False
807,True,-,False,False,False,-,False,-,True,False,-,False
808,True,-,False,False,False,-,False,-,True,False,-,False
809,True,-,False,False,False,-,False,-,True,False,-,False
810,True,-,False,False,False,-,False,-,True,False,-,False
811,True,-,False,False,False,-,False,-,True,False,-,False
812,True,-,False,False,False,-,False,-,True,True,-,False
813,True,-,False,False,False,-,False,-,True,False,-,False
814,True,-,False,False,False,-,False,-,True,False,-,False
815,True,-,False,False,False,-,False,-,True,False,-,False
816,True,-,False,False,False,-,False,-,True,False,-,False
817,True,-,False,False,False,-,False,-,True,False,-,False
818,True,-,False,False,False,-,False,-,True,False,-,False
819,True,-,False,False,False,-,False,-,True,False,-,False
820,True,-,False,False,False,-,False,-,True,True,-,False
821,True,-,False,False,False,-,False,-,True,False,-,False
822,True,-,False,False,False,-,False,-,True,False,-,False
823,True,-,False,False,False,-,False,-,True,False,-,False
824,True,-,False,False,False,-,False,-,True,False,-,False
825,True,-,False,False,False,-,False,-,True,False,-,False
826,True,-,False,False,False,-,False,-,True,False,-,False
827,True,-,False,False,False,-,False,-,True,False,-,False
828,True,-,False,False,False,-,False,-,True,False,-,False
829,True,-,False,False,False,-,False,-,True,False,-,False
830,True,-,False,False,False,-,False,-,True,False,-,False
831,True,-,False,False,False,-,False,-,True,False,-,False
832,True,-,False,False,False,-,False,-,True,False,-,False
833,True,-,False,False,False,-,False,-,True,False,-,False
834,True,-,False,False,False,-,False,-,True,True,-,False
835,True,-,False,False,False,-,False,-,True,False,-,False
836,True,-,False,False,False,-,False,-,True,False,-,False
837,True,-,False,False,False,-,False,-,True,False,-,False
838,True,-,False,False,False,-,False,-,True,True,-,False
839,True,-,False,False,False,-,False,-,True,False,-,False
840,True,-,False,False,False,-,False,-,True,True,-,False
841,True,-,False,False,False,-,False,-,True,False,-,False
842,True,-,False,False,False,-,False,-,True,True,-,False
843,True,-,False,False,False,-,False,-,True,False,-,False
844,True,-,False,False,False,-,False,-,True,True,-,False
845,True,-,False,False,False,-,False,-,True,False,-,False
846,True,-,False,False,False,-,False,-,True,False,-,False
847,True,-,False,False,False,-,False,-,True,False,-,False
848,True,-,False,False,False,-,False,-,True,True,-,False
849,True,-,False,False,False,-,False,-,True,False,-,False
850,True,-,False,False,False,-,False,-,True,False,-,False
851,True,-,False,False,False,-,False,-,True,False,-,False
852,True,-,False,False,False,-,False,-,True,False,-,False
853,True,-,False,False,False,-,False,-,True,False,-,False
854,True,-,False,False,False,-,False,-,True,True,-,False
855,True,-,False,False,False,-,False,-,True,False,-,False
856,True,-,False,False,False,-,False,-,True,False,-,False
857,True,-,False,False,False,-,False,-,True,False,-,False
858,True,-,False,False,False,-,False,-,True,True,-,False
859,True,-,False,False,False,-,False,-,True,False,-,False
860,True,-,False,False,False,-,False,-,True,False,-,False
861,True,-,False,False,False,-,False,-,True,False,-,False
862,True,-,False,False,False,-,False,-,True,False,-,False
863,True,-,False,False,False,-,False,-,True,False,-,False
864,True,-,False,False,False,-,False,-,True,False,-,False
865,True,-,False,False,False,-,False,-,True,False,-,False
866,True,-,False,False,False,-,False,-,True,False,-,False
867,True,-,False,False,False,-,False,-,True,False,-,False
868,True,-,False,False,False,-,False,-,True,False,-,False
869,True,-,False,False,False,-,False,-,True,False,-,False
870,True,-,False,False,False,-,False,-,True,True,-,False
871,True,-,False,False,False,-,False,-,True,False,-,False
872,True,-,False,False,False,-,False,-,True,True,-,False
873,True,-,False,False,False,-,False,-,True,False,-,False
874,True,-,False,False,False,-,False,-,True,False,-,False
875,True,-,False,False,False,-,False,-,True,False,-,False
876,True,-,False,False,False,-,False,-,True,True,-,False
877,True,-,False,False,False,-,False,-,True,False,-,False
878,True,-,False,False,False,-,False,-,True,False,-,False
879,True,-,False,False,False,-,False,-,True,False,-,False
880,True,-,False,False,False,-,False,-,True,False,-,False
881,True,-,False,False,False,-,False,-,True,False,-,False
882,True,-,False,False,False,-,False,-,True,False,-,False
883,True,-,False,False,False,-,False,-,True,False,-,False
884,True,-,False,False,False,-,False,-,True,False,-,False
885,True,-,False,False,False,-,False,-,True,False,-,False
886,True,-,False,False,False,-,False,-,True,True,-,False
887,True,-,False,False,False,-,False,-,True,False,-,False
888,True,-,False,False,False,-,False,-,True,True,-,False
889,True,-,False,False,False,-,False,-,True,False,-,False
890,True,-,False,False,False,-,False,-,True,True,-,False
891,True,-,False,False,False,-,False,-,True,False,-,False
892,True,-,False,False,False,-,False,-,True,False,-,False
893,True,-,False,False,False,-,False,-,True,False,-,False
894,True,-,False,False,False,-,False,-,True,False,-,False
895,True,-,False,False,False,-,False,-,True,False,-,False
896,True,-,False,False,False,-,False,-,True,True,-,False
897,True,-,False,False,False,-,False,-,True,False,-,False
898,True,-,False,False,False,-,False,-,True,False,-,False
899,True,-,False,False,False,-,False,-,True,False,-,False
900,True,-,False,False,False,-,False,-,True,False,-,False
901,True,-,False,False,False,-,False,-,True,False,-,False
902,True,-,False,False,False,-,False,-,True,False,-,False
903,True,-,False,False,False,-,False,-,True,False,-,False
904,True,-,False,False,False,-,False,-,True,True,-,False
905,True,-,False,False,False,-,False,-,True,False,-,False
906,True,-,False,False,False,-,False,-,True,False,-,False
907,True,-,False,False,False,-,False,-,True,False,-,False
908,True,-,False,False,False,-,False,-,True,False,-,False
909,True,-,False,False,False,-,False,-,True,False,-,False
910,True,-,False,False,False,-,False,-,True,False,-,False
911,True,-,False,False,False,-,False,-,True,False,-,False
912,True,-,False,False,False,-,False,-,True,True,-,False
913,True,-,False,False,False,-,False,-,True,False,-,False
914,True,-,False,False,False,-,False,-,True,False,-,False
915,True,-,False,False,False,-,False,-,True,False,-,False
916,True,-,False,False,False,-,False,-,True,False,-,False
917,True,-,False,False,False,-,False,-,True,False,-,False
918,True,-,False,False,False,-,False,-,True,False,-,False
919,True,-,False,False,False,-,False,-,True,False,-,False
920,True,-,False,False,False,-,False,-,True,False,-,False
921,True,-,False,False,False,-,False,-,True,False,-,False
922,True,-,False,False,False,-,False,-,True,False,-,False
923,True,-,False,False,False,-,False,-,True,False,-,False
924,True,-,False,False,False,-,False,-,True,False,-,False
925,True,-,False,False,False,-,False,-,True,False,-,False
926,True,-,False,False,False,-,False,-,True,False,-,False
927,True,-,False,False,False,-,False,-,True,False,-,False
928,True,-,False,False,False,-,False,-,True,False,-,False
929,True,-,False,False,False,-,False,-,True,False,-,False
930,True,-,False,False,False,-,False,-,True,False,-,False
931,True,-,False,False,False,-,False,-,True,False,-,False
932,True,-,False,False,False,-,False,-,True,False,-,False
933,True,-,False,False,False,-,False,-,True,False,-,False
934,True,-,False,False,False,-,False,-,True,False,-,False
935,True,-,False,False,False,-,False,-,True,False,-,False
936,True,-,False,False,False,-,False,-,True,False,-,False
937,True,-,False,False,False,-,False,-,True,False,-,False
938,True,-,False,False,False,-,False,-,True,False,-,False
939,True,-,False,False,False,-,False,-,True,False,-,False
940,True,-,False,False,False,-,False,-,True,False,-,False
941,True,-,False,False,False,-,False,-,True,False,-,False
942,True,-,False,False,False,-,False,-,True,False,-,False
943,True,-,False,False,False,-,False,-,True,False,-,False
944,True,-,False,False,False,-,False,-,True,True,-,False
945,True,-,False,False,False,-,False,-,True,False,-,False
946,True,-,False,False,False,-,False,-,True,True,-,False
947,True,-,False,False,False,-,False,-,True,False,-,False
948,True,-,False,False,False,-,False,-,True,True,-,False
949,True,-,False,False,False,-,False,-,True,False,-,False
950,True,-,False,False,False,-,False,-,True,False,-,False
951,True,-,False,False,False,-,False,-,True,False,-,False
952,True,-,False,False,False,-,False,-,True,True,-,False
953,True,-,False,False,False,-,False,-,True,False,-,False
954,True,-,False,False,False,-,False,-,True,False,-,False
955,True,-,False,False,False,-,False,-,True,False,-,False
956,True,-,False,False,False,-,False,-,True,False,-,False
957,True,-,False,False,False,-,False,-,True,False,-,False
958,True,-,False,False,False,-,False,-,True,False,-,False
959,True,-,False,False,False,-,False,-,True,False,-,False
960,True,-,False,False,False,-,False,-,True,True,-,False
961,True,-,False,False,False,-,False,-,True,False,-,False
962,True,-,False,False,False,-,False,-,True,True,-,False
963,True,-,False,False,False,-,False,-,True,False,-,False
964,True,-,False,False,False,-,False,-,True,False,-,False
965,True,-,False,False,False,-,False,-,True,False,-,False
966,True,-,False,False,False,-,False,-,True,True,-,False
967,True,-,False,False,False,-,False,-,True,False,-,False
968,True,-,False,False,False,-,False,-,True,False,-,False
969,True,-,False,False,False,-,False,-,True,False,-,False
970,True,-,False,False,False,-,False,-,True,False,-,False
971,True,-,False,False,False,-,False,-,True,False,-,False
972,True,-,False,False,False,-,False,-,True,True,-,False
973,True,-,False,False,False,-,False,-,True,False,-,False
974,True,-,False,False,False,-,False,-,True,False,-,False
975,True,-,False,False,False,-,False,-,True,False,-,False
976,True,-,False,False,False,-,False,-,True,True,-,False
977,True,-,False,False,False,-,False,-,True,False,-,False
978,True,-,False,False,False,-,False,-,True,False,-,False
979,False,-,False,False,False,-,False,-,True,False,-,False
980,True,-,False,False,False,-,False,-,True,False,-,False
981,True,-,False,False,False,-,False,-,True,False,-,False
982,True,-,False,False,False,-,False,-,True,False,-,False
983,True,-,False,False,False,-,False,-,True,False,-,False
984,True,-,False,False,False,-,False,-,True,False,-,False
985,True,-,False,False,False,-,False,-,True,False,-,False
986,True,-,False,False,False,-,False,-,True,False,-,False
987,True,-,False,False,False,-,False,-,True,False,-,False
988,True,-,False,False,False,-,False,-,True,True,-,False
989,True,-,False,False,False,-,False,-,True,False,-,False
990,True,-,False,False,False,-,False,-,True,False,-,False
991,True,-,False,False,False,-,False,-,True,False,-,False
992,True,-,False,False,False,-,False,-,True,False,-,False
993,True,-,False,False,False,-,False,-,True,False,-,False
994,True,-,False,False,False,-,False,-,True,False,-,False
995,True,-,False,False,False,-,False,-,True,False,-,False
996,True,-,False,False,False,-,False,-,True,False,-,False
997,True,-,False,False,False,-,False,-,True,False,-,False
998,True,-,False,False,False,-,False,-,True,True,-,False
999,True,-,False,False,False,-,False,-,True,False,-,False
1000,True,-,False,False,False,-,False,-,True,False,-,False
1001,True,-,False,False,False,-,False,-,True,False,-,False
1002,True,-,False,False,False,-,False,-,True,True,-,False
1003,True,-,False,False,False,-,False,-,True,False,-,False
1004,True,-,False,False,False,-,False,-,True,True,-,False
1005,True,-,False,False,False,-,False,-,True,False,-,False
1006,True,-,False,False,False,-,False,-,True,True,-,False
1007,True,-,False,False,False,-,False,-,True,False,-,False
1008,True,-,False,False,False,-,False,-,True,False,-,False
1009,True,-,False,False,False,-,False,-,True,False,-,False
1010,True,-,False,False,False,-,False,-,True,True,-,False
1011,True,-,False,False,False,-,False,-,True,False,-,False
1012,True,-,False,False,False,-,False,-,True,True,-,False
1013,True,-,False,False,False,-,False,-,True,False,-,False
1014,True,-,False,False,False,-,False,-,True,False,-,False
1015,True,-,False,False,False,-,False,-,True,False,-,False
1016,True,-,False,False,False,-,False,-,True,False,-,False
1017,True,-,False,False,False,-,False,-,True,False,-,False
1018,True,-,False,False,False,-,False,-,True,True,-,False
1019,True,-,False,False,False,-,False,-,True,False,-,False
1020,True,-,False,False,False,-,False,-,True,False,-,False
1021,True,-,False,False,False,-,False,-,True,False,-,False
1022,True,-,False,False,False,-,False,-,True,False,-,False
1023,True,-,False,False,False,-,False,-,True,False,-,False
1024,True,-,False,False,False,-,False,-,True,True,-,False
1025,True,-,False,False,False,-,False,-,True,False,-,False
1026,True,-,False,False,False,-,False,-,True,False,-,False
1027,True,-,False,False,False,-,False,-,True,False,-,False
1028,True,-,False,False,False,-,False,-,True,True,-,False
1029,True,-,False,False,False,-,False,-,True,False,-,False
1030,True,-,False,False,False,-,False,-,True,False,-,False
1031,True,-,False,False,False,-,False,-,True,False,-,False
1032,True,-,False,False,False,-,False,-,True,False,-,False
1033,True,-,False,False,False,-,False,-,True,False,-,False
1034,True,-,False,False,False,-,False,-,True,False,-,False
1035,True,-,False,False,False,-,False,-,True,False,-,False
1036,True,-,False,False,False,-,False,-,True,False,-,False
1037,True,-,False,False,False,-,False,-,True,False,-,False
1038,True,-,False,False,False,-,False,-,True,False,-,False
1039,True,-,False,False,False,-,False,-,True,False,-,False
1040,True,-,False,False,False,-,False,-,True,False,-,False
1041,True,-,False,False,False,-,False,-,True,False,-,False
1042,True,-,False,False,False,-,False,-,True,False,-,False
1043,True,-,False,False,False,-,False,-,True,False,-,False
1044,True,-,False,False,False,-,False,-,True,True,-,False
1045,True,-,False,False,False,-,False,-,True,False,-,False
1046,True,-,False,False,False,-,False,-,True,True,-,False
1047,True,-,False,False,False,-,False,-,True,False,-,False
1048,True,-,False,False,False,-,False,-,True,False,-,False
1049,True,-,False,False,False,-,False,-,True,False,-,False
1050,True,-,False,False,False,-,False,-,True,False,-,False
1051,True,-,False,False,False,-,False,-,True,False,-,False
1052,True,-,False,False,False,-,False,-,True,False,-,False
1053,True,-,False,False,False,-,False,-,True,False,-,False
1054,True,-,False,False,False,-,False,-,True,False,-,False
1055,True,-,False,False,False,-,False,-,True,False,-,False
1056,True,-,False,False,False,-,False,-,True,True,-,False
1057,True,-,False,False,False,-,False,-,True,False,-,False
1058,True,-,False,False,False,-,False,-,True,False,-,False
1059,True,-,False,False,False,-,False,-,True,False,-,False
1060,True,-,False,False,False,-,False,-,True,False,-,False
1061,True,-,False,False,False,-,False,-,True,False,-,False
1062,True,-,False,False,False,-,False,-,True,False,-,False
1063,True,-,False,False,False,-,False,-,True,False,-,False
1064,True,-,False,False,False,-,False,-,True,False,-,False
1065,True,-,False,False,False,-,False,-,True,False,-,False
1066,True,-,False,False,False,-,False,-,True,False,-,False
1067,True,-,False,False,False,-,False,-,True,False,-,False
1068,True,-,False,False,False,-,False,-,True,False,-,False
1069,True,-,False,False,False,-,False,-,True,False,-,False
1070,True,-,False,False,False,-,False,-,True,False,-,False
1071,True,-,False,False,False,-,False,-,True,False,-,False
1072,True,-,False,False,False,-,False,-,True,False,-,False
1073,True,-,False,False,False,-,False,-,True,False,-,False
1074,False,-,False,False,False,-,False,-,True,False,-,False
1075,True,-,False,False,False,-,False,-,True,False,-,False
1076,True,-,False,False,False,-,False,-,True,True,-,False
1077,True,-,False,False,False,-,False,-,True,False,-,False
1078,True,-,False,False,False,-,False,-,True,True,-,False
1079,True,-,False,False,False,-,False,-,True,False,-,False
1080,True,-,False,False,False,-,False,-,True,True,-,False
1081,True,-,False,False,False,-,False,-,True,False,-,False
1082,True,-,False,False,False,-,False,-,True,True,-,False
1083,True,-,False,False,False,-,False,-,True,False,-,False
1084,True,-,False,False,False,-,False,-,True,False,-,False
1085,True,-,False,False,False,-,False,-,True,False,-,False
1086,True,-,False,False,False,-,False,-,True,True,-,False
1087,True,-,False,False,False,-,False,-,True,False,-,False
1088,True,-,False,False,False,-,False,-,True,True,-,False
1089,True,-,False,False,False,-,False,-,True,False,-,False
1090,True,-,False,False,False,-,False,-,True,True,-,False
1091,True,-,False,False,False,-,False,-,True,False,-,False
1092,True,-,False,False,False,-,False,-,True,True,-,False
1093,True,-,False,False,False,-,False,-,True,False,-,False
1094,True,-,False,False,False,-,False,-,True,True,-,False
1095,True,-,False,False,False,-,False,-,True,False,-,False
1096,True,-,False,False,False,-,False,-,True,True,-,False
1097,True,-,False,False,False,-,False,-,True,False,-,False
1098,True,-,False,False,False,-,False,-,True,True,-,False
1099,True,-,False,False,False,-,False,-,True,False,-,False
1100,True,-,False,False,False,-,False,-,True,True,-,False
1101,True,-,False,False,False,-,False,-,True,False,-,False
1102,True,-,False,False,False,-,False,-,True,True,-,False
1103,True,-,False,False,False,-,False,-,True,False,-,False
1104,True,-,False,False,False,-,False,-,True,True,-,False
1105,True,-,False,False,False,-,False,-,True,False,-,False
1106,True,-,False,False,False,-,False,-,True,False,-,False
1107,True,-,False,False,False,-,False,-,True,False,-,False
1108,True,-,False,False,False,-,False,-,True,True,-,False
1109,True,-,False,False,False,-,False,-,True,False,-,False
1110,True,-,False,False,False,-,False,-,True,False,-,False
1111,True,-,False,False,False,-,False,-,True,False,-,False
1112,True,-,False,False,False,-,False,-,True,False,-,False
1113,True,-,False,False,False,-,False,-,True,False,-,False
1114,True,-,False,False,False,-,False,-,True,False,-,False
1115,True,-,False,False,False,-,False,-,True,False,-,False
1116,True,-,False,False,False,-,False,-,True,True,-,False
1117,True,-,False,False,False,-,False,-,True,False,-,False
1118,True,-,False,False,False,-,False,-,True,True,-,False
1119,True,-,False,False,False,-,False,-,True,False,-,False
1120,True,-,False,False,False,-,False,-,True,False,-,False
1121,True,-,False,False,False,-,False,-,True,False,-,False
1122,True,-,False,False,False,-,False,-,True,True,-,False
1123,True,-,False,False,False,-,False,-,True,False,-,False
1124,True,-,False,False,False,-,False,-,True,True,-,False
1125,True,-,False,False,False,-,False,-,True,False,-,False
1126,True,-,False,False,False,-,False,-,True,False,-,False
1127,True,-,False,False,False,-,False,-,True,False,-,False
1128,True,-,False,False,False,-,False,-,True,False,-,False
1129,True,-,False,False,False,-,False,-,True,False,-,False
1130,True,-,False,False,False,-,False,-,True,True,-,False
1131,True,-,False,False,False,-,False,-,True,False,-,False
1132,False,-,False,False,False,-,False,-,True,False,-,False
1133,True,-,False,False,False,-,False,-,True,False,-,False
1134,True,-,False,False,False,-,False,-,True,True,-,False
1135,True,-,False,False,False,-,False,-,True,False,-,False
1136,True,-,False,False,False,-,False,-,True,False,-,False
1137,False,-,False,False,False,-,False,-,True,False,-,False
1138,True,-,False,False,False,-,False,-,True,True,-,False
1139,False,-,False,False,False,-,False,-,True,False,-,False
1140,True,-,False,False,False,-,False,-,True,False,-,False
1141,True,-,False,False,False,-,False,-,True,False,-,False
1142,True,-,False,False,False,-,False,-,True,True,-,False
1143,False,-,False,False,False,-,False,-,True,False,-,False
1144,True,-,False,False,False,-,False,-,True,False,-,False
1145,True,-,False,False,False,-,False,-,True,False,-,False
1146,True,-,False,False,False,-,False,-,True,True,-,False
1147,False,-,False,False,False,-,False,-,True,False,-,False
1148,True,-,False,False,False,-,False,-,True,True,-,False
1149,True,-,False,False,False,-,False,-,True,False,-,False
1150,False,-,False,False,False,-,False,-,True,True,-,False
1151,True,-,False,False,False,-,False,-,True,False,-,False
1152,True,-,False,False,False,-,False,-,True,True,-,False
1153,False,-,False,False,False,-,False,-,True,False,-,False
1154,True,-,False,False,False,-,False,-,True,False,-,False
1155,True,-,False,False,False,-,False,-,True,False,-,False
1156,False,-,False,False,False,-,False,-,True,False,-,False
1157,True,-,False,False,False,-,False,-,True,False,-,False
1158,False,-,False,False,False,-,False,-,True,False,-,False
1159,False,-,False,False,False,-,False,-,True,False,-,False
1160,True,-,False,False,False,-,False,-,True,False,-,False
1161,True,-,False,False,False,-,False,-,True,False,-,False
1162,True,-,False,False,False,-,False,-,True,True,-,False
1163,True,-,False,False,False,-,False,-,True,False,-,False
1164,True,-,False,False,False,-,False,-,True,False,-,False
1165,True,-,False,False,False,-,False,-,True,False,-,False
1166,True,-,False,False,False,-,False,-,True,True,-,False
1167,False,-,False,False,False,-,False,-,True,False,-,False
1168,True,-,False,False,False,-,False,-,True,True,-,False
1169,True,-,False,False,False,-,False,-,True,False,-,False
1170,True,-,False,False,False,-,False,-,True,False,-,False
1171,True,-,False,False,False,-,False,-,True,False,-,False
1172,True,-,False,False,False,-,False,-,True,True,-,False
1173,False,-,False,False,False,-,False,-,True,False,-,False
1174,True,-,False,False,False,-,False,-,True,False,-,False
1175,False,-,False,False,False,-,False,-,True,False,-,False
1176,True,-,False,False,False,-,False,-,True,False,-,False
1177,False,-,False,False,False,-,False,-,True,False,-,False
1178,True,-,False,False,False,-,False,-,True,True,-,False
1179,False,-,False,False,False,-,False,-,True,False,-,False
1180,True,-,False,False,False,-,False,-,True,False,-,False
1181,False,-,False,False,False,-,False,-,True,False,-,False
1182,True,-,False,False,False,-,False,-,True,True,-,False
1183,False,-,False,False,False,-,False,-,True,False,-,False
1184,True,-,False,False,False,-,False,-,True,True,-,False
1185,True,-,False,False,False,-,False,-,True,False,-,False
1186,True,-,False,False,False,-,False,-,True,True,-,False
1187,True,-,False,False,False,-,False,-,True,False,-,False
1188,True,-,False,False,False,-,False,-,True,False,-,False
1189,True,-,False,False,False,-,False,-,True,False,-,False
1190,True,-,False,False,False,-,False,-,True,True,-,False
1191,True,-,False,False,False,-,False,-,True,False,-,False
1192,True,-,False,False,False,-,False,-,True,False,-,False
1193,True,-,False,False,False,-,False,-,True,False,-,False
1194,True,-,False,False,False,-,False,-,True,False,-,False
1195,False,-,False,False,False,-,False,-,True,False,-,False
1196,True,-,False,False,False,-,False,-,True,False,-,False
1197,False,-,False,False,False,-,False,-,True,False,-,False
1198,True,-,False,False,False,-,False,-,True,False,-,False
1199,False,-,False,False,False,-,False,-,True,False,-,False
1200,True,-,False,False,False,-,False,-,True,False,-,False
1201,False,-,False,False,False,-,False,-,True,False,-,False
1202,True,-,False,False,False,-,False,-,True,False,-,False
1203,True,-,False,False,False,-,False,-,True,False,-,False
1204,True,-,False,False,False,-,False,-,True,False,-,False
1205,True,-,False,False,False,-,False,-,True,False,-,False
1206,True,-,False,False,False,-,False,-,True,True,-,False
1207,True,-,False,False,False,-,False,-,True,False,-,False
1208,True,-,False,False,False,-,False,-,True,False,-,False
1209,True,-,False,False,False,-,False,-,True,False,-,False
1210,True,-,False,False,False,-,False,-,True,True,-,False
1211,False,-,False,False,False,-,False,-,True,False,-,False
1212,True,-,False,False,False,-,False,-,True,False,-,False
1213,False,-,False,False,False,-,False,-,True,False,-,False
1214,True,-,False,False,False,-,False,-,True,True,-,False
1215,True,-,False,False,False,-,False,-,True,False,-,False
1216,True,-,False,False,False,-,False,-,True,True,-,False
1217,False,-,False,False,False,-,False,-,True,False,-,False
1218,True,-,False,False,False,-,False,-,True,False,-,False
1219,True,-,False,False,False,-,False,-,True,False,-,False
1220,True,-,False,False,False,-,False,-,True,True,-,False
1221,True,-,False,False,False,-,False,-,True,False,-,False
1222,True,-,False,False,False,-,False,-,True,True,-,False
1223,True,-,False,False,False,-,False,-,True,False,-,False
1224,True,-,False,False,False,-,False,-,True,False,-,False
1225,True,-,False,False,False,-,False,-,True,False,-,False
1226,True,-,False,False,False,-,False,-,True,True,-,False
1227,True,-,False,False,False,-,False,-,True,False,-,False
1228,True,-,False,False,False,-,False,-,True,False,-,False
1229,True,-,False,False,False,-,False,-,True,False,-,False
1230,True,-,False,False,False,-,False,-,True,True,-,False
1231,False,-,False,False,False,-,False,-,True,False,-,False
1232,True,-,False,False,False,-,False,-,True,False,-,False
1233,True,-,False,False,False,-,False,-,True,False,-,False
1234,True,-,False,False,False,-,False,-,True,False,-,False
1235,False,-,False,False,False,-,False,-,True,False,-,False
1236,True,-,False,False,False,-,False,-,True,False,-,False
1237,False,-,False,False,False,-,False,-,True,False,-,False
1238,True,-,False,False,False,-,False,-,True,False,-,False
1239,False,-,False,False,False,-,False,-,True,False,-,False
1240,True,-,False,False,False,-,False,-,True,False,-,False
1241,True,-,False,False,False,-,False,-,True,False,-,False
1242,True,-,False,False,False,-,False,-,True,False,-,False
1243,False,-,False,False,False,-,False,-,True,False,-,False
1244,True,-,False,False,False,-,False,-,True,False,-,False
1245,True,-,False,False,False,-,False,-,True,False,-,False
1246,True,-,False,False,False,-,False,-,True,True,-,False
1247,True,-,False,False,False,-,False,-,True,False,-,False
1248,True,-,False,False,False,-,False,-,True,True,-,False
1249,False,-,False,False,False,-,False,-,True,False,-,False
1250,True,-,False,False,False,-,False,-,True,False,-,False
1251,True,-,False,False,False,-,False,-,True,False,-,False
1252,True,-,False,False,False,-,False,-,True,False,-,False
1253,True,-,False,False,False,-,False,-,True,False,-,False
1254,True,-,False,False,False,-,False,-,True,True,-,False
1255,True,-,False,False,False,-,False,-,True,False,-,False
1256,True,-,False,False,False,-,False,-,True,False,-,False
1257,True,-,False,False,False,-,False,-,True,False,-,False
1258,True,-,False,False,False,-,False,-,True,False,-,False
1259,True,-,False,False,False,-,False,-,True,False,-,False
1260,True,-,False,False,False,-,False,-,True,False,-,False
1261,True,-,False,False,False,-,False,-,True,False,-,False
1262,True,-,False,False,False,-,False,-,True,False,-,False
1263,True,-,False,False,False,-,False,-,True,False,-,False
1264,True,-,False,False,False,-,False,-,True,True,-,False
1265,True,-,False,False,False,-,False,-,True,False,-,False
1266,True,-,False,False,False,-,False,-,True,True,-,False
1267,True,-,False,False,False,-,False,-,True,False,-,False
1268,True,-,False,False,False,-,False,-,True,False,-,False
1269,True,-,False,False,False,-,False,-,True,False,-,False
1270,True,-,False,False,False,-,False,-,True,False,-,False
1271,True,-,False,False,False,-,False,-,True,False,-,False
1272,True,-,False,False,False,-,False,-,True,True,-,False
1273,True,-,False,False,False,-,False,-,True,False,-,False
1274,True,-,False,False,False,-,False,-,True,True,-,False
1275,True,-,False,False,False,-,False,-,True,False,-,False
1276,True,-,False,False,False,-,False,-,True,True,-,False
1277,True,-,False,False,False,-,False,-,True,False,-,False
1278,True,-,False,False,False,-,False,-,True,True,-,False
1279,True,-,False,False,False,-,False,-,True,False,-,False
1280,True,-,False,False,False,-,False,-,True,False,-,False
1281,True,-,False,False,False,-,False,-,True,False,-,False
1282,True,-,False,False,False,-,False,-,True,True,-,False
1283,True,-,False,False,False,-,False,-,True,False,-,False
1284,True,-,False,False,False,-,False,-,True,True,-,False
1285,True,-,False,False,False,-,False,-,True,False,-,False
1286,True,-,False,False,False,-,False,-,True,True,-,False
1287,True,-,False,False,False,-,False,-,True,False,-,False
1288,True,-,False,False,False,-,False,-,True,True,-,False
1289,False,-,False,False,False,-,False,-,True,False,-,False
1290,True,-,False,False,False,-,False,-,True,True,-,False
1291,True,-,False,False,False,-,False,-,True,False,-,False
1292,True,-,False,False,False,-,False,-,True,True,-,False
1293,True,-,False,False,False,-,False,-,True,False,-,False
1294,True,-,False,False,False,-,False,-,True,True,-,False
1295,True,-,False,False,False,-,False,-,True,False,-,False
1296,True,-,False,False,False,-,False,-,True,False,-,False
1297,True,-,False,False,False,-,False,-,True,False,-,False
1298,True,-,False,False,False,-,False,-,True,True,-,False
1299,True,-,False,False,False,-,False,-,True,False,-,False
1300,True,-,False,False,False,-,False,-,True,False,-,False
1301,True,-,False,False,False,-,False,-,True,False,-,False
1302,True,-,False,False,False,-,False,-,True,False,-,False
1303,True,-,False,False,False,-,False,-,True,False,-,False
1304,True,-,False,False,False,-,False,-,True,True,-,False
1305,True,-,False,False,False,-,False,-,True,False,-,False
1306,True,-,False,False,False,-,False,-,True,False,-,False
1307,True,-,False,False,False,-,False,-,True,False,-,False
1308,True,-,False,False,False,-,False,-,True,True,-,False
1309,True,-,False,False,False,-,False,-,True,False,-,False
1310,True,-,False,False,False,-,False,-,True,False,-,False
1311,True,-,False,False,False,-,False,-,True,False,-,False
1312,True,-,False,False,False,-,False,-,True,True,-,False
1313,True,-,False,False,False,-,False,-,True,False,-,False
1314,True,-,False,False,False,-,False,-,True,False,-,False
1315,True,-,False,False,False,-,False,-,True,False,-,False
1316,True,-,False,False,False,-,False,-,True,False,-,False
1317,True,-,False,False,False,-,False,-,True,False,-,False
1318,True,-,False,False,False,-,False,-,True,False,-,False
1319,True,-,False,False,False,-,False,-,True,False,-,False
1320,True,-,False,False,False,-,False,-,True,True,-,False
1321,True,-,False,False,False,-,False,-,True,False,-,False
1322,True,-,False,False,False,-,False,-,True,False,-,False
1323,True,-,False,False,False,-,False,-,True,False,-,False
1324,False,-,False,False,False,-,False,-,True,False,-,False
1325,True,-,False,False,False,-,False,-,True,False,-,False
1326,True,-,False,False,False,-,False,-,True,True,-,False
1327,False,-,False,False,False,-,False,-,True,False,-,False
1328,True,-,False,False,False,-,False,-,True,False,-,False
1329,False,-,False,False,False,-,False,-,True,False,-,False
1330,True,-,False,False,False,-,False,-,True,True,-,False
1331,False,-,False,False,False,-,False,-,True,False,-,False
1332,True,-,False,False,False,-,False,-,True,True,-,False
1333,False,-,False,False,False,-,False,-,True,False,-,False
1334,True,-,False,False,False,-,False,-,True,True,-,False
1335,False,-,False,False,False,-,False,-,True,False,-,False
1336,True,-,False,False,False,-,False,-,True,True,-,False
1337,False,-,False,False,False,-,False,-,True,False,-,False
1338,False,-,False,False,False,-,False,-,True,True,-,False
1339,False,-,False,False,False,-,False,-,True,False,-,False
1340,True,-,False,False,False,-,False,-,True,False,-,False
1341,True,-,False,False,False,-,False,-,True,False,-,False
1342,True,-,False,False,False,-,False,-,True,True,-,False
1343,False,-,False,False,False,-,False,-,True,False,-,False
1344,True,-,False,False,False,-,False,-,True,False,-,False
1345,False,-,False,False,False,-,False,-,True,False,-,False
1346,True,-,False,False,False,-,False,-,True,True,-,False
1347,True,-,False,False,False,-,False,-,True,False,-,False
1348,True,-,False,False,False,-,False,-,True,False,-,False
1349,False,-,False,False,False,-,False,-,True,False,-,False
1350,True,-,False,False,False,-,False,-,True,False,-,False
1351,False,-,False,False,False,-,False,-,True,False,-,False
1352,True,-,False,False,False,-,False,-,True,False,-,False
1353,False,-,False,False,False,-,False,-,True,False,-,False
1354,True,-,False,False,False,-,False,-,True,True,-,False
1355,False,-,False,False,False,-,False,-,True,False,-,False
1356,True,-,False,False,False,-,False,-,True,False,-,False
1357,False,-,False,False,False,-,False,-,True,False,-,False
1358,True,-,False,False,False,-,False,-,True,False,-,False
1359,True,-,False,False,False,-,False,-,True,False,-,False
1360,True,-,False,False,False,-,False,-,True,False,-,False
1361,False,-,False,False,False,-,False,-,True,False,-,False
1362,True,-,False,False,False,-,False,-,True,False,-,False
1363,False,-,False,False,False,-,False,-,True,False,-,False
1364,True,-,False,False,False,-,False,-,True,False,-,False
1365,False,-,False,False,False,-,False,-,True,False,-,False
1366,True,-,False,False,False,-,False,-,True,False,-,False
1367,False,-,False,False,False,-,False,-,True,False,-,False
1368,True,-,False,False,False,-,False,-,True,False,-,False
1369,False,-,False,False,False,-,False,-,True,False,-,False
1370,True,-,False,False,False,-,False,-,True,True,-,False
1371,False,-,False,False,False,-,False,-,True,False,-,False
1372,True,-,False,False,False,-,False,-,True,False,-,False
1373,False,-,False,False,False,-,False,-,True,False,-,False
1374,True,-,False,False,False,-,False,-,True,False,-,False
1375,False,-,False,False,False,-,False,-,True,False,-,False
1376,True,-,False,False,False,-,False,-,True,False,-,False
1377,False,-,False,False,False,-,False,-,True,False,-,False
1378,True,-,False,False,False,-,False,-,True,True,-,False
1379,False,-,False,False,False,-,False,-,True,False,-,False
1380,True,-,False,False,False,-,False,-,True,True,-,False
1381,False,-,False,False,False,-,False,-,True,False,-,False
1382,True,-,False,False,False,-,False,-,True,False,-,False
1383,False,-,False,False,False,-,False,-,True,False,-,False
1384,True,-,False,False,False,-,False,-,True,False,-,False
1385,False,-,False,False,False,-,False,-,True,False,-,False
1386,True,-,False,False,False,-,False,-,True,True,-,False
1387,False,-,False,False,False,-,False,-,True,False,-,False
1388,True,-,False,False,False,-,False,-,True,True,-,False
1389,False,-,False,False,False,-,False,-,True,False,-,False
1390,True,-,False,False,False,-,False,-,True,False,-,False
1391,False,-,False,False,False,-,False,-,True,False,-,False
1392,True,-,False,False,False,-,False,-,True,True,-,False
1393,False,-,False,False,False,-,False,-,True,False,-,False
1394,True,-,False,False,False,-,False,-,True,True,-,False
1395,False,-,False,False,False,-,False,-,True,False,-,False
1396,True,-,False,False,False,-,False,-,True,True,-,False
1397,False,-,False,False,False,-,False,-,True,False,-,False
1398,True,-,False,False,False,-,False,-,True,False,-,False
1399,True,-,False,False,False,-,False,-,True,False,-,False
1400,True,-,False,False,False,-,False,-,True,True,-,False
1401,True,-,False,False,False,-,False,-,True,False,-,False
1402,True,-,False,False,False,-,False,-,True,True,-,False
1403,False,-,False,False,False,-,False,-,True,False,-,False
1404,True,-,False,False,False,-,False,-,True,True,-,False
1405,True,-,False,False,False,-,False,-,True,False,-,False
1406,True,-,False,False,False,-,False,-,True,False,-,False
1407,False,-,False,False,False,-,False,-,True,False,-,False
1408,True,-,False,False,False,-,False,-,True,False,-,False
1409,True,-,False,False,False,-,False,-,True,False,-,False
1410,True,-,False,False,False,-,False,-,True,False,-,False
1411,False,-,False,False,False,-,False,-,True,False,-,False
1412,True,-,False,False,False,-,False,-,True,True,-,False
1413,False,-,False,False,False,-,False,-,True,False,-,False
1414,True,-,False,False,False,-,False,-,True,True,-,False
1415,False,-,False,False,False,-,False,-,True,False,-,False
1416,True,-,False,False,False,-,False,-,True,False,-,False
1417,False,-,False,False,False,-,False,-,True,False,-,False
1418,True,-,False,False,False,-,False,-,True,False,-,False
1419,False,-,False,False,False,-,False,-,True,False,-,False
1420,True,-,False,False,False,-,False,-,True,True,-,False
1421,False,-,False,False,False,-,False,-,True,False,-,False
1422,True,-,False,False,False,-,False,-,True,True,-,False
1423,True,-,False,False,False,-,False,-,True,False,-,False
1424,True,-,False,False,False,-,False,-,True,True,-,False
1425,False,-,False,False,False,-,False,-,True,False,-,False
1426,True,-,False,False,False,-,False,-,True,False,-,False
1427,False,-,False,False,False,-,False,-,True,False,-,False
1428,True,-,False,False,False,-,False,-,True,False,-,False
1429,True,-,False,False,False,-,False,-,True,False,-,False
1430,False,-,False,False,False,-,False,-,True,True,-,False
1431,True,-,False,False,False,-,False,-,True,False,-,False
1432,True,-,False,False,False,-,False,-,True,True,-,False
1433,False,-,False,False,False,-,False,-,True,False,-,False
1434,True,-,False,False,False,-,False,-,True,True,-,False
1435,False,-,False,False,False,-,False,-,True,False,-,False
1436,True,-,False,False,False,-,False,-,True,True,-,False
1437,False,-,False,False,False,-,False,-,True,False,-,False
1438,True,-,False,False,False,-,False,-,True,False,-,False
1439,False,-,False,False,False,-,False,-,True,False,-,False
1440,True,-,False,False,False,-,False,-,True,True,-,False
1441,False,-,False,False,False,-,False,-,True,False,-,False
1442,True,-,False,False,False,-,False,-,True,False,-,False
1443,False,-,False,False,False,-,False,-,True,False,-,False
1444,True,-,False,False,False,-,False,-,True,True,-,False
1445,False,-,False,False,False,-,False,-,True,False,-,False
1446,True,-,False,False,False,-,False,-,True,False,-,False
1447,True,-,False,False,False,-,False,-,True,False,-,False
1448,True,-,False,False,False,-,False,-,True,True,-,False
1449,True,-,False,False,False,-,False,-,True,False,-,False
1450,True,-,False,False,False,-,False,-,True,False,-,False
1451,False,-,False,False,False,-,False,-,True,False,-,False
1452,True,-,False,False,False,-,False,-,True,True,-,False
1453,False,-,False,False,False,-,False,-,True,False,-,False
1454,True,-,False,False,False,-,False,-,True,True,-,False
1455,True,-,False,False,False,-,False,-,True,False,-,False
1456,True,-,False,False,False,-,False,-,True,True,-,False
1457,False,-,False,False,False,-,False,-,True,False,-,False
1458,True,-,False,False,False,-,False,-,True,True,-,False
1459,True,-,False,False,False,-,False,-,True,False,-,False
1460,True,-,False,False,False,-,False,-,True,True,-,False
1461,False,-,False,False,False,-,False,-,True,False,-,False
1462,True,-,False,False,False,-,False,-,True,False,-,False
1463,True,-,False,False,False,-,False,-,True,False,-,False
1464,False,-,False,False,False,-,False,-,True,True,-,False
1465,True,-,False,False,False,-,False,-,True,False,-,False
1466,True,-,False,False,False,-,False,-,True,True,-,False
1467,False,-,False,False,False,-,False,-,True,False,-,False
1468,True,-,False,False,False,-,False,-,True,False,-,False
1469,False,-,False,False,False,-,False,-,True,False,-,False
1470,True,-,False,False,False,-,False,-,True,True,-,False
1471,False,-,False,False,False,-,False,-,True,False,-,False
1472,True,-,False,False,False,-,False,-,True,False,-,False
1473,False,-,False,False,False,-,False,-,True,False,-,False
1474,True,-,False,False,False,-,False,-,True,True,-,False
1475,False,-,False,False,False,-,False,-,True,False,-,False
1476,True,-,False,False,False,-,False,-,True,False,-,False
1477,False,-,False,False,False,-,False,-,True,False,-,False
1478,True,-,False,False,False,-,False,-,True,False,-,False
1479,True,-,False,False,False,-,False,-,True,False,-,False
1480,True,-,False,False,False,-,False,-,True,False,-,False
1481,True,-,False,False,False,-,False,-,True,False,-,False
1482,True,-,False,False,False,-,False,-,True,True,-,False
1483,False,-,False,False,False,-,False,-,True,False,-,False
1484,True,-,False,False,False,-,False,-,True,False,-,False
1485,True,-,False,False,False,-,False,-,True,False,-,False
1486,True,-,False,False,False,-,False,-,True,True,-,False
1487,True,-,False,False,False,-,False,-,True,False,-,False
1488,True,-,False,False,False,-,False,-,True,False,-,False
1489,False,-,False,False,False,-,False,-,True,False,-,False
1490,True,-,False,False,False,-,False,-,True,False,-,False
1491,False,-,False,False,False,-,False,-,True,False,-,False
1492,True,-,False,False,False,-,False,-,True,True,-,False
1493,True,-,False,False,False,-,False,-,True,False,-,False
1494,True,-,False,False,False,-,False,-,True,False,-,False
1495,False,-,False,False,False,-,False,-,True,False,-,False
1496,True,-,False,False,False,-,False,-,True,False,-,False
1497,False,-,False,False,False,-,False,-,True,False,-,False
1498,True,-,False,False,False,-,False,-,True,False,-,False
1499,False,-,False,False,False,-,False,-,True,False,-,False
1500,True,-,False,False,False,-,False,-,True,False,-,False
1501,True,-,False,False,False,-,False,-,True,False,-,False
1502,True,-,False,False,False,-,False,-,True,True,-,False
1503,False,-,False,False,False,-,False,-,True,False,-,False
1504,True,-,False,False,False,-,False,-,True,True,-,False
1505,False,-,False,False,False,-,False,-,True,False,-,False
1506,True,-,False,False,False,-,False,-,True,True,-,False
1507,False,-,False,False,False,-,False,-,True,False,-,False
1508,True,-,False,False,False,-,False,-,True,True,-,False
1509,True,-,False,False,False,-,False,-,True,False,-,False
1510,False,-,False,False,False,-,False,-,True,False,-,False
1511,False,-,False,False,False,-,False,-,True,False,-,False
1512,True,-,False,False,False,-,False,-,True,True,-,False
1513,True,-,False,False,False,-,False,-,True,False,-,False
1514,True,-,False,False,False,-,False,-,True,True,-,False
